[{"department": "Facilities", "id": "16"}, {"department": "Field Supervisor", "id": "7"}, {"department": "Health and Safety", "id": "8"}, {"department": "Marketing", "id": "14"}, {"department": "Operations Training", "id": "9"}, {"department": "Restroom", "id": "4"}, {"department": "ROL/Radio", "id": "11"}, {"department": "Route Planning", "id": "13"}, {"department": "Schedule Checking", "id": "12"}, {"department": "Scheduling", "id": "1"}, {"department": "Stops and Zones", "id": "2"}, {"department": "Transit Police", "id": "3"}, {"department": "Uniform", "id": "6"}, {"department": "Vehicle Maintenance", "id": "10"}]